USE fan_accounting;

CREATE TABLE IF NOT EXISTS albums (
  album_id VARCHAR(64) PRIMARY KEY,
  album_name VARCHAR(255) NOT NULL,
  album_name_cn VARCHAR(255) NOT NULL DEFAULT '',
  release_year INT NULL,
  sort_order INT NOT NULL DEFAULT 0
) ENGINE=InnoDB DEFAULT CHARSET=utf8mb4 COLLATE=utf8mb4_unicode_ci;

CREATE TABLE IF NOT EXISTS songs (
  song_id VARCHAR(64) PRIMARY KEY,
  song_name VARCHAR(255) NOT NULL,
  album_id VARCHAR(64) NOT NULL DEFAULT '',
  sort_order INT NOT NULL DEFAULT 0,
  INDEX idx_songs_album (album_id)
) ENGINE=InnoDB DEFAULT CHARSET=utf8mb4 COLLATE=utf8mb4_unicode_ci;

CREATE TABLE IF NOT EXISTS stages (
  stage_id VARCHAR(64) PRIMARY KEY,
  stage_name VARCHAR(255) NOT NULL,
  stage_type VARCHAR(32) NOT NULL DEFAULT 'concert',
  year INT NOT NULL,
  stage_date DATE NOT NULL,
  city VARCHAR(120) NOT NULL DEFAULT '',
  venue VARCHAR(255) NOT NULL DEFAULT '',
  location VARCHAR(255) NOT NULL DEFAULT '',
  album_id VARCHAR(64) NOT NULL DEFAULT '',
  price_tiers_json JSON NULL,
  is_online TINYINT(1) NOT NULL DEFAULT 0,
  ticket_price DECIMAL(10,2) NOT NULL DEFAULT 0.00,
  description VARCHAR(1000) NOT NULL DEFAULT '',
  sort_order INT NOT NULL DEFAULT 0,
  INDEX idx_stages_year (year),
  INDEX idx_stages_type (stage_type),
  INDEX idx_stages_date (stage_date)
) ENGINE=InnoDB DEFAULT CHARSET=utf8mb4 COLLATE=utf8mb4_unicode_ci;

CREATE TABLE IF NOT EXISTS stage_songs (
  stage_id VARCHAR(64) NOT NULL,
  song_id VARCHAR(64) NOT NULL,
  sort_order INT NOT NULL DEFAULT 0,
  PRIMARY KEY (stage_id, song_id),
  INDEX idx_stage_songs_song (song_id)
) ENGINE=InnoDB DEFAULT CHARSET=utf8mb4 COLLATE=utf8mb4_unicode_ci;

DELETE FROM stage_songs;
DELETE FROM stages;
DELETE FROM songs;
DELETE FROM albums;

INSERT INTO albums (album_id, album_name, album_name_cn, release_year, sort_order) VALUES
('album_001', '梦游记', '梦游记', 2020, 1),
('album_002', '爆米花', '爆米花', 2020, 2),
('album_003', '破风（The Eve）', '破风（The Eve）', 2020, 3),
('album_004', '相遇', '相遇', 2020, 4),
('album_005', '晴雅集', '晴雅集', 2020, 5),
('album_006', '舞象之年', '舞象之年', 2021, 6),
('album_007', '快乐感', '快乐感', 2021, 7),
('album_008', '有你', '有你', 2021, 8),
('album_009', '渐暖', '渐暖', 2022, 9),
('album_010', '你要快乐', '你要快乐', 2022, 10),
('album_011', '100道光芒', '100道光芒', 2022, 11),
('album_012', '百忧戒', '百忧戒', 2022, 12),
('album_013', '乌托邦少年', '乌托邦少年', 2022, 13),
('album_014', '青春不狂', '青春不狂', 2023, 14),
('album_015', '背对地球奔跑', '背对地球奔跑', 2024, 15),
('album_016', '快乐星期五', '快乐星期五', 2024, 16),
('album_017', '这一刻钟', '这一刻钟', 2024, 17),
('album_018', '叁重楼', '叁重楼', 2025, 18),
('album_019', '至少我还算快乐', '至少我还算快乐', 2025, 19),
('album_020', '全世界我最美', '全世界我最美', 2025, 20),
('album_021', '登顶', '登顶', 2025, 21),
('album_022', 'I Like U Like', 'I Like U Like', 2025, 22),
('album_023', '冠军', '冠军', 2025, 23),
('album_024', '这一程', '这一程', 2025, 24),
('album_025', '冬日来信 (Winter Love Letter)', '冬日来信 (Winter Love Letter)', 2025, 25),
('album_026', '摆脱地心引力', '摆脱地心引力', 2026, 26),
('album_027', '刺', '刺', 2026, 27),
('album_028', '无', '无', 2021, 28);

INSERT INTO songs (song_id, song_name, album_id, sort_order) VALUES
('song_001', '梦游记', 'album_001', 1),
('song_002', '爆米花', 'album_002', 2),
('song_003', '破风（The Eve）', 'album_003', 3),
('song_004', '相遇', 'album_004', 4),
('song_005', '晴雅集', 'album_005', 5),
('song_006', '全校通报', 'album_006', 6),
('song_007', '无尽的冒险', 'album_006', 7),
('song_008', '姐姐真漂亮', 'album_006', 8),
('song_009', '少年美', 'album_006', 9),
('song_010', '剑雨江湖', 'album_006', 10),
('song_011', '要你管', 'album_006', 11),
('song_012', '只有我一个人觉得？', 'album_006', 12),
('song_013', '少年时代', 'album_006', 13),
('song_014', '小小孩', 'album_006', 14),
('song_015', '快乐感', 'album_007', 15),
('song_016', '有你', 'album_008', 16),
('song_017', '渐暖', 'album_009', 17),
('song_018', '你要快乐', 'album_010', 18),
('song_019', '100道光芒', 'album_011', 19),
('song_020', '百忧戒', 'album_012', 20),
('song_021', '朱雀', 'album_013', 21),
('song_022', '醉', 'album_013', 22),
('song_023', '绝配', 'album_013', 23),
('song_024', '傻瓜', 'album_013', 24),
('song_025', '哪吒', 'album_013', 25),
('song_026', '哭泣的游戏', 'album_013', 26),
('song_027', '侠', 'album_013', 27),
('song_028', '男儿歌', 'album_013', 28),
('song_029', '理想之途', 'album_013', 29),
('song_030', '若想念飞行', 'album_013', 30),
('song_031', '烟花升停在星夜', 'album_013', 31),
('song_032', '亲亲爱', 'album_013', 32),
('song_033', '抬起头来', 'album_013', 33),
('song_034', '孤独怪物', 'album_013', 34),
('song_035', '青春不狂', 'album_014', 35),
('song_036', '背对地球奔跑', 'album_015', 36),
('song_037', '快乐星期五', 'album_016', 37),
('song_038', '这一刻钟', 'album_017', 38),
('song_039', '楼外楼', 'album_018', 39),
('song_040', '躺着真舒服', 'album_018', 40),
('song_041', '大时代', 'album_018', 41),
('song_042', '爱到1440', 'album_018', 42),
('song_043', '非我不可', 'album_018', 43),
('song_044', '那些我没说的话', 'album_018', 44),
('song_045', '好望角', 'album_018', 45),
('song_046', '梦', 'album_018', 46),
('song_047', '月夜狂想曲', 'album_018', 47),
('song_048', '还会再相遇', 'album_018', 48),
('song_049', '卧室巨星', 'album_018', 49),
('song_050', '至少我还算快乐', 'album_019', 50),
('song_051', '全世界我最美', 'album_020', 51),
('song_052', '登顶', 'album_021', 52),
('song_053', 'I Like U Like', 'album_022', 53),
('song_054', '冠军', 'album_023', 54),
('song_055', '这一程', 'album_024', 55),
('song_056', '冬日来信 (Winter Love Letter)', 'album_025', 56),
('song_057', '摆脱地心引力', 'album_026', 57),
('song_058', '刺', 'album_027', 58),
('song_059', '向上吧少年', 'album_028', 59),
('song_060', '我喜欢你', 'album_028', 60),
('song_061', '偷', 'album_028', 61),
('song_062', 'Forever Child', 'album_028', 62),
('song_063', '有些人', 'album_028', 63),
('song_064', '偏不', 'album_028', 64),
('song_065', '不肯睡的灵魂', 'album_028', 65),
('song_066', 'Fri Friday', 'album_028', 66),
('song_067', '蜉蝣', 'album_028', 67),
('song_068', '一起跳舞吧', 'album_028', 68),
('song_069', 'Monster', 'album_028', 69),
('song_070', '新伤', 'album_028', 70),
('song_071', '芥', 'album_028', 71),
('song_072', '5:23PM', 'album_028', 72),
('song_073', '失恋循环', 'album_028', 73),
('song_074', '体贴', 'album_028', 74),
('song_075', 'spr.', 'album_028', 75),
('song_076', 'Got You', 'album_028', 76),
('song_077', 'Falling You', 'album_028', 77),
('song_078', '不冬眠', 'album_028', 78),
('song_079', '耀眼的你', 'album_028', 79),
('song_080', 'FEEL ME', 'album_028', 80),
('song_081', 'Blue', 'album_028', 81),
('song_082', 'Last Night', 'album_028', 82),
('song_083', 'One More Night', 'album_028', 83),
('song_084', 'SUGAR', 'album_028', 84),
('song_085', 'Kill Night 耀', 'album_028', 85),
('song_086', 'Nighty Night 晚安', 'album_028', 86),
('song_087', 'FlexXX 炫', 'album_028', 87),
('song_088', 'Trauma 伤', 'album_028', 88),
('song_089', 'In Two 迷雾', 'album_028', 89),
('song_090', 'SAUCE', 'album_028', 90),
('song_091', '光影', 'album_028', 91),
('song_092', '心桥', 'album_028', 92),
('song_093', '爱在终局之前', 'album_028', 93),
('song_094', '蝴蝶', 'album_028', 94),
('song_095', '出渊', 'album_028', 95),
('song_096', '镜花水月', 'album_028', 96),
('song_097', 'One Night', 'album_028', 97),
('song_098', 'Moonlight', 'album_028', 98),
('song_099', 'Kiss You Goodbye', 'album_028', 99),
('song_100', '万花镜', 'album_028', 100),
('song_101', 'Someone Like You', 'album_028', 101),
('song_102', 'For You', 'album_028', 102),
('song_103', '16', 'album_028', 103),
('song_104', '尾号6208', 'album_028', 104),
('song_105', 'Y', 'album_028', 105),
('song_106', 'Right Track', 'album_028', 106),
('song_107', 'H', 'album_028', 107),
('song_108', 'No Complaints', 'album_028', 108),
('song_109', 'The Beast', 'album_028', 109),
('song_110', 'INTRO: Gaze', 'album_028', 110),
('song_111', 'Scary movie', 'album_028', 111),
('song_112', 'Got It Bad', 'album_028', 112),
('song_113', 'Find Me', 'album_028', 113),
('song_114', '元奋', 'album_028', 114),
('song_115', '冬眠', 'album_028', 115),
('song_116', '动摇', 'album_028', 116),
('song_117', '独白', 'album_028', 117),
('song_118', '遗憾', 'album_028', 118),
('song_119', 'SHAKE', 'album_028', 119),
('song_120', '破', 'album_028', 120),
('song_121', 'Eyes For You', 'album_028', 121),
('song_122', '缘故', 'album_028', 122),
('song_123', '谧境', 'album_028', 123),
('song_124', 'Silence', 'album_028', 124),
('song_125', '残影', 'album_028', 125);

INSERT INTO stages (stage_id, stage_name, stage_type, year, stage_date, city, venue, location, album_id, price_tiers_json, is_online, ticket_price, description, sort_order) VALUES
('stage_001', '出道暨新歌首唱会·北京站', 'concert', 2019, '2019-11-23', '北京', '北京凯迪拉克中心', '北京', 'album_006', '[]', 0, 0, '出道暨新歌首唱会', 1),
('stage_002', '【理想之途】·海口站', 'concert', 2023, '2023-05-02', '海口', '海口五源河体育场', '海口', 'album_012', '[280, 480, 680, 980, 1280, 1580, 1880]', 0, 280, '【理想之途】', 2),
('stage_003', '【叁重楼】楼外楼·澳门站', 'concert', 2023, '2023-11-18', '澳门', '澳门银河综艺馆', '澳门', 'album_018', '[780, 1280, 1680, 2080, 2280, 2680]', 0, 780, '【叁重楼】楼外楼', 3),
('stage_004', '【叁重楼】楼外楼·澳门站', 'concert', 2023, '2023-11-19', '澳门', '澳门银河综艺馆', '澳门', 'album_018', '[780, 1280, 1680, 2080, 2280, 2680]', 0, 780, '【叁重楼】楼外楼', 4),
('stage_005', '【叁重楼】楼间楼·重庆站', 'concert', 2024, '2024-05-03', '重庆', '重庆龙兴足球场', '重庆', 'album_018', '[480, 680, 980, 1280, 1680, 1880]', 0, 480, '【叁重楼】楼间楼', 5),
('stage_006', '【叁重楼】楼间楼·重庆站', 'concert', 2024, '2024-05-04', '重庆', '重庆龙兴足球场', '重庆', 'album_018', '[480, 680, 980, 1280, 1680, 1880]', 0, 480, '【叁重楼】楼间楼', 6),
('stage_007', '【叁重楼】楼非楼·常州站', 'concert', 2024, '2024-08-16', '常州', '常州奥体中心体育场', '常州', 'album_013', '[480, 680, 980, 1280, 1680, 1880]', 0, 480, '【叁重楼】楼非楼', 7),
('stage_008', '【叁重楼】楼非楼·常州站', 'concert', 2024, '2024-08-17', '常州', '常州奥体中心体育场', '常州', 'album_013', '[480, 680, 980, 1280, 1680, 1880]', 0, 480, '【叁重楼】楼非楼', 8),
('stage_009', '【叁重楼】楼非楼·澳门站', 'concert', 2024, '2024-08-23', '澳门', '澳门银河综艺馆', '澳门', 'album_013', '[780, 1080, 1280, 1480, 1680, 2080, 2280, 2680]', 0, 780, '【叁重楼】楼非楼', 9),
('stage_010', '【叁重楼】楼非楼·澳门站', 'concert', 2024, '2024-08-24', '澳门', '澳门银河综艺馆', '澳门', 'album_013', '[780, 1080, 1280, 1480, 1680, 2080, 2280, 2680]', 0, 780, '【叁重楼】楼非楼', 10),
('stage_011', '【一起走过的日子】·重庆站', 'concert', 2024, '2024-11-23', '重庆', '重庆龙兴足球场', '重庆', 'album_013', '[480, 680, 980, 1280, 1580, 1880]', 0, 480, '【一起走过的日子】', 11),
('stage_012', '【一起走过的日子】·重庆站', 'concert', 2024, '2024-11-24', '重庆', '重庆龙兴足球场', '重庆', 'album_013', '[480, 680, 980, 1280, 1580, 1880]', 0, 480, '【一起走过的日子】', 12),
('stage_013', '【加冠礼】冠岁·海口站', 'concert', 2025, '2025-05-03', '海口', '海口五源河体育场', '海口', 'album_018', '[280, 480, 680, 980, 1280, 1580, 1880]', 0, 280, '【加冠礼】冠岁', 13),
('stage_014', '【加冠礼】冠岁·海口站', 'concert', 2025, '2025-05-04', '海口', '海口五源河体育场', '海口', 'album_018', '[280, 480, 680, 980, 1280, 1580, 1880]', 0, 280, '【加冠礼】冠岁', 14),
('stage_015', '【加冠礼】冠军·大连站', 'concert', 2025, '2025-07-25', '大连', '大连体育中心体育场', '大连', 'album_013', '[480, 680, 980, 1280, 1580, 1880]', 0, 480, '【加冠礼】冠军', 15),
('stage_016', '【加冠礼】冠军·大连站', 'concert', 2025, '2025-07-26', '大连', '大连体育中心体育场', '大连', 'album_013', '[480, 680, 980, 1280, 1580, 1880]', 0, 480, '【加冠礼】冠军', 16),
('stage_017', '【加冠礼】冠军·上海站', 'concert', 2025, '2025-08-20', '上海', '上海八万人体育场', '上海', 'album_021', '[480, 680, 980, 1280, 1480, 1580, 1880]', 0, 480, '【加冠礼】冠军', 17),
('stage_018', '【加冠礼】冠军·上海站', 'concert', 2025, '2025-08-21', '上海', '上海八万人体育场', '上海', 'album_021', '[480, 680, 980, 1280, 1480, 1580, 1880]', 0, 480, '【加冠礼】冠军', 18),
('stage_019', '【加冠礼】冠军·上海站', 'concert', 2025, '2025-08-23', '上海', '上海八万人体育场', '上海', 'album_023', '[480, 680, 980, 1280, 1480, 1580, 1880]', 0, 480, '【加冠礼】冠军', 19),
('stage_020', '【加冠礼】冠军·上海站', 'concert', 2025, '2025-08-24', '上海', '上海八万人体育场', '上海', 'album_023', '[480, 680, 980, 1280, 1480, 1580, 1880]', 0, 480, '【加冠礼】冠军', 20),
('stage_021', '【2025·爱你爱我】·贵阳站', 'concert', 2025, '2025-11-22', '贵阳', '贵阳奥体中心体育场', '贵阳', 'album_006', '[480, 680, 980, 1280, 1680, 1880]', 0, 480, '【2025·爱你爱我】', 21),
('stage_022', '【2025·爱你爱我】·贵阳站', 'concert', 2025, '2025-11-23', '贵阳', '贵阳奥体中心体育场', '贵阳', 'album_006', '[480, 680, 980, 1280, 1680, 1880]', 0, 480, '【2025·爱你爱我】', 22),
('stage_023', '【加冠礼】加冠·广州站', 'concert', 2026, '2026-05-01', '广州', '广州大湾区中心体育场', '广州', 'album_023', '[480, 680, 980, 1280, 1680, 1880]', 0, 480, '【加冠礼】加冠', 23),
('stage_024', '【加冠礼】加冠·广州站', 'concert', 2026, '2026-05-02', '广州', '广州大湾区中心体育场', '广州', 'album_023', '[480, 680, 980, 1280, 1680, 1880]', 0, 480, '【加冠礼】加冠', 24),
('stage_025', '【加冠礼】加冠·广州站', 'concert', 2026, '2026-05-04', '广州', '广州大湾区中心体育场', '广州', 'album_023', '[480, 680, 980, 1280, 1680, 1880]', 0, 480, '【加冠礼】加冠', 25),
('stage_026', '【加冠礼】加冠·广州站', 'concert', 2026, '2026-05-05', '广州', '广州大湾区中心体育场', '广州', 'album_023', '[480, 680, 980, 1280, 1680, 1880]', 0, 480, '【加冠礼】加冠', 26),
('stage_027', '2024TF家族夏日运动会·澳门站', 'concert', 2024, '2024-07-05', '澳门', '中国澳门·银河综艺馆', '澳门', '', '[780, 980, 1180, 1380, 1580, 1680, 1880]', 0, 780, '2024TF家族夏日运动会', 27),
('stage_028', '2024TF家族夏日运动会·澳门站', 'concert', 2024, '2024-07-06', '澳门', '中国澳门·银河综艺馆', '澳门', '', '[780, 980, 1180, 1380, 1580, 1680, 1880]', 0, 780, '2024TF家族夏日运动会', 28),
('stage_029', '热爱-2025TF家族新年音乐会·澳门站', 'concert', 2025, '2025-01-18', '澳门', '中国澳门·银河综艺馆', '澳门', 'album_018', '[780, 1280, 1680, 2280, 2680]', 0, 780, '热爱-2025TF家族新年音乐会', 29),
('stage_030', '热爱-2025TF家族新年音乐会·澳门站', 'concert', 2025, '2025-01-19', '澳门', '中国澳门·银河综艺馆', '澳门', 'album_018', '[780, 1280, 1680, 2280, 2680]', 0, 780, '热爱-2025TF家族新年音乐会', 30),
('stage_031', '荣耀-2026TF家族新年音乐会·三亚站', 'concert', 2025, '2025-12-26', '三亚', '三亚体育中心白鹭体育场', '三亚', 'album_023', '[480, 680, 980, 1280, 1580, 1880]', 0, 480, '荣耀-2026TF家族新年音乐会', 31),
('stage_032', '荣耀-2026TF家族新年音乐会·三亚站', 'concert', 2025, '2025-12-27', '三亚', '三亚体育中心白鹭体育场', '三亚', '', '[480, 680, 980, 1280, 1580, 1880]', 0, 480, '荣耀-2026TF家族新年音乐会', 32),
('stage_033', '荣耀-2026TF家族新年音乐会·三亚站', 'concert', 2025, '2025-12-28', '三亚', '三亚体育中心白鹭体育场', '三亚', 'album_023', '[480, 680, 980, 1280, 1580, 1880]', 0, 480, '荣耀-2026TF家族新年音乐会', 33);

INSERT INTO stage_songs (stage_id, song_id, sort_order) VALUES
('stage_001', 'song_006', 1),
('stage_001', 'song_007', 2),
('stage_002', 'song_020', 1),
('stage_002', 'song_028', 2),
('stage_002', 'song_036', 3),
('stage_002', 'song_079', 4),
('stage_002', 'song_030', 5),
('stage_002', 'song_031', 6),
('stage_002', 'song_032', 7),
('stage_002', 'song_008', 8),
('stage_002', 'song_023', 9),
('stage_002', 'song_107', 10),
('stage_002', 'song_033', 11),
('stage_002', 'song_034', 12),
('stage_002', 'song_009', 13),
('stage_002', 'song_011', 14),
('stage_002', 'song_029', 15),
('stage_002', 'song_007', 16),
('stage_002', 'song_002', 17),
('stage_003', 'song_041', 1),
('stage_003', 'song_011', 2),
('stage_003', 'song_040', 3),
('stage_003', 'song_022', 4),
('stage_003', 'song_093', 5),
('stage_003', 'song_108', 6),
('stage_003', 'song_017', 7),
('stage_003', 'song_036', 8),
('stage_003', 'song_004', 9),
('stage_003', 'song_042', 10),
('stage_003', 'song_039', 11),
('stage_003', 'song_007', 12),
('stage_003', 'song_001', 13),
('stage_004', 'song_041', 1),
('stage_004', 'song_011', 2),
('stage_004', 'song_040', 3),
('stage_004', 'song_022', 4),
('stage_004', 'song_093', 5),
('stage_004', 'song_108', 6),
('stage_004', 'song_060', 7),
('stage_004', 'song_008', 8),
('stage_004', 'song_004', 9),
('stage_004', 'song_042', 10),
('stage_004', 'song_039', 11),
('stage_004', 'song_007', 12),
('stage_004', 'song_002', 13),
('stage_005', 'song_039', 1),
('stage_005', 'song_041', 2),
('stage_005', 'song_042', 3),
('stage_005', 'song_043', 4),
('stage_005', 'song_008', 5),
('stage_005', 'song_024', 6),
('stage_005', 'song_082', 7),
('stage_005', 'song_009', 8),
('stage_005', 'song_044', 9),
('stage_005', 'song_045', 10),
('stage_005', 'song_069', 11),
('stage_005', 'song_122', 12),
('stage_005', 'song_028', 13),
('stage_005', 'song_002', 14),
('stage_006', 'song_039', 1),
('stage_006', 'song_041', 2),
('stage_006', 'song_042', 3),
('stage_006', 'song_043', 4),
('stage_006', 'song_040', 5),
('stage_006', 'song_023', 6),
('stage_006', 'song_069', 7),
('stage_006', 'song_082', 8),
('stage_006', 'song_122', 9),
('stage_006', 'song_029', 10),
('stage_006', 'song_044', 11),
('stage_006', 'song_028', 12),
('stage_006', 'song_007', 13),
('stage_006', 'song_002', 14),
('stage_007', 'song_028', 1),
('stage_007', 'song_025', 2),
('stage_007', 'song_022', 3),
('stage_007', 'song_067', 4),
('stage_007', 'song_039', 5),
('stage_007', 'song_020', 6),
('stage_007', 'song_004', 7),
('stage_007', 'song_044', 8),
('stage_007', 'song_060', 9),
('stage_007', 'song_043', 10),
('stage_007', 'song_123', 11),
('stage_007', 'song_046', 12),
('stage_007', 'song_007', 13),
('stage_007', 'song_002', 14),
('stage_008', 'song_028', 1),
('stage_008', 'song_025', 2),
('stage_008', 'song_022', 3),
('stage_008', 'song_039', 4),
('stage_008', 'song_011', 5),
('stage_008', 'song_004', 6),
('stage_008', 'song_044', 7),
('stage_008', 'song_008', 8),
('stage_008', 'song_043', 9),
('stage_008', 'song_123', 10),
('stage_008', 'song_067', 11),
('stage_008', 'song_046', 12),
('stage_008', 'song_007', 13),
('stage_008', 'song_002', 14),
('stage_009', 'song_028', 1),
('stage_009', 'song_025', 2),
('stage_009', 'song_022', 3),
('stage_009', 'song_083', 4),
('stage_009', 'song_039', 5),
('stage_009', 'song_004', 6),
('stage_009', 'song_044', 7),
('stage_009', 'song_043', 8),
('stage_009', 'song_112', 9),
('stage_009', 'song_046', 10),
('stage_009', 'song_007', 11),
('stage_009', 'song_002', 12),
('stage_010', 'song_028', 1),
('stage_010', 'song_025', 2),
('stage_010', 'song_022', 3),
('stage_010', 'song_083', 4),
('stage_010', 'song_039', 5),
('stage_010', 'song_004', 6),
('stage_010', 'song_044', 7),
('stage_010', 'song_043', 8),
('stage_010', 'song_112', 9),
('stage_010', 'song_046', 10),
('stage_010', 'song_007', 11),
('stage_010', 'song_002', 12),
('stage_011', 'song_021', 1),
('stage_011', 'song_039', 2),
('stage_011', 'song_084', 3),
('stage_011', 'song_008', 4),
('stage_011', 'song_012', 5),
('stage_011', 'song_124', 6),
('stage_011', 'song_047', 7),
('stage_011', 'song_029', 8),
('stage_011', 'song_096', 9),
('stage_011', 'song_011', 10),
('stage_011', 'song_016', 11),
('stage_011', 'song_007', 12),
('stage_011', 'song_048', 13),
('stage_011', 'song_002', 14),
('stage_011', 'song_006', 15),
('stage_012', 'song_021', 1),
('stage_012', 'song_039', 2),
('stage_012', 'song_084', 3),
('stage_012', 'song_012', 4),
('stage_012', 'song_008', 5),
('stage_012', 'song_124', 6),
('stage_012', 'song_047', 7),
('stage_012', 'song_029', 8),
('stage_012', 'song_096', 9),
('stage_012', 'song_011', 10),
('stage_012', 'song_016', 11),
('stage_012', 'song_007', 12),
('stage_012', 'song_048', 13),
('stage_012', 'song_002', 14),
('stage_012', 'song_006', 15),
('stage_013', 'song_041', 1),
('stage_013', 'song_025', 2),
('stage_013', 'song_029', 3),
('stage_013', 'song_085', 4),
('stage_013', 'song_071', 5),
('stage_013', 'song_100', 6),
('stage_013', 'song_073', 7),
('stage_013', 'song_050', 8),
('stage_013', 'song_044', 9),
('stage_013', 'song_125', 10),
('stage_013', 'song_115', 11),
('stage_013', 'song_009', 12),
('stage_013', 'song_046', 13),
('stage_013', 'song_045', 14),
('stage_013', 'song_051', 15),
('stage_013', 'song_049', 16),
('stage_013', 'song_007', 17),
('stage_013', 'song_048', 18),
('stage_014', 'song_041', 1),
('stage_014', 'song_025', 2),
('stage_014', 'song_029', 3),
('stage_014', 'song_073', 4),
('stage_014', 'song_125', 5),
('stage_014', 'song_115', 6),
('stage_014', 'song_050', 7),
('stage_014', 'song_044', 8),
('stage_014', 'song_085', 9),
('stage_014', 'song_100', 10),
('stage_014', 'song_071', 11),
('stage_014', 'song_009', 12),
('stage_014', 'song_046', 13),
('stage_014', 'song_045', 14),
('stage_014', 'song_051', 15),
('stage_014', 'song_017', 16),
('stage_014', 'song_049', 17),
('stage_014', 'song_007', 18),
('stage_015', 'song_027', 1),
('stage_015', 'song_020', 2),
('stage_015', 'song_028', 3),
('stage_015', 'song_087', 4),
('stage_015', 'song_051', 5),
('stage_015', 'song_008', 6),
('stage_015', 'song_039', 7),
('stage_015', 'song_011', 8),
('stage_015', 'song_052', 9),
('stage_015', 'song_014', 10),
('stage_015', 'song_049', 11),
('stage_015', 'song_007', 12),
('stage_015', 'song_040', 13),
('stage_016', 'song_027', 1),
('stage_016', 'song_020', 2),
('stage_016', 'song_028', 3),
('stage_016', 'song_087', 4),
('stage_016', 'song_051', 5),
('stage_016', 'song_008', 6),
('stage_016', 'song_011', 7),
('stage_016', 'song_052', 8),
('stage_016', 'song_014', 9),
('stage_016', 'song_049', 10),
('stage_016', 'song_007', 11),
('stage_016', 'song_040', 12),
('stage_017', 'song_052', 1),
('stage_017', 'song_011', 2),
('stage_017', 'song_118', 3),
('stage_017', 'song_053', 4),
('stage_017', 'song_051', 5),
('stage_017', 'song_029', 6),
('stage_017', 'song_050', 7),
('stage_017', 'song_023', 8),
('stage_017', 'song_013', 9),
('stage_017', 'song_049', 10),
('stage_017', 'song_007', 11),
('stage_017', 'song_048', 12),
('stage_018', 'song_052', 1),
('stage_018', 'song_011', 2),
('stage_018', 'song_118', 3),
('stage_018', 'song_053', 4),
('stage_018', 'song_042', 5),
('stage_018', 'song_029', 6),
('stage_018', 'song_050', 7),
('stage_018', 'song_023', 8),
('stage_018', 'song_013', 9),
('stage_018', 'song_049', 10),
('stage_018', 'song_007', 11),
('stage_018', 'song_048', 12),
('stage_019', 'song_054', 1),
('stage_019', 'song_011', 2),
('stage_019', 'song_053', 3),
('stage_019', 'song_051', 4),
('stage_019', 'song_099', 5),
('stage_019', 'song_117', 6),
('stage_019', 'song_104', 7),
('stage_019', 'song_029', 8),
('stage_019', 'song_046', 9),
('stage_019', 'song_004', 10),
('stage_019', 'song_001', 11),
('stage_019', 'song_049', 12),
('stage_019', 'song_007', 13),
('stage_019', 'song_048', 14),
('stage_020', 'song_054', 1),
('stage_020', 'song_011', 2),
('stage_020', 'song_053', 3),
('stage_020', 'song_042', 4),
('stage_020', 'song_099', 5),
('stage_020', 'song_117', 6),
('stage_020', 'song_104', 7),
('stage_020', 'song_029', 8),
('stage_020', 'song_046', 9),
('stage_020', 'song_004', 10),
('stage_020', 'song_001', 11),
('stage_020', 'song_049', 12),
('stage_020', 'song_007', 13),
('stage_020', 'song_048', 14),
('stage_021', 'song_009', 1),
('stage_021', 'song_041', 2),
('stage_021', 'song_049', 3),
('stage_021', 'song_004', 4),
('stage_021', 'song_045', 5),
('stage_021', 'song_001', 6),
('stage_021', 'song_036', 7),
('stage_021', 'song_023', 8),
('stage_021', 'song_051', 9),
('stage_021', 'song_090', 10),
('stage_021', 'song_054', 11),
('stage_021', 'song_011', 12),
('stage_021', 'song_025', 13),
('stage_021', 'song_028', 14),
('stage_021', 'song_039', 15),
('stage_021', 'song_116', 16),
('stage_021', 'song_030', 17),
('stage_021', 'song_031', 18),
('stage_021', 'song_032', 19),
('stage_021', 'song_033', 20),
('stage_021', 'song_034', 21),
('stage_021', 'song_053', 22),
('stage_021', 'song_044', 23),
('stage_021', 'song_008', 24),
('stage_021', 'song_060', 25),
('stage_021', 'song_016', 26),
('stage_021', 'song_017', 27),
('stage_021', 'song_055', 28),
('stage_021', 'song_007', 29),
('stage_021', 'song_002', 30),
('stage_022', 'song_009', 1),
('stage_022', 'song_041', 2),
('stage_022', 'song_049', 3),
('stage_022', 'song_004', 4),
('stage_022', 'song_045', 5),
('stage_022', 'song_001', 6),
('stage_022', 'song_036', 7),
('stage_022', 'song_023', 8),
('stage_022', 'song_051', 9),
('stage_022', 'song_090', 10),
('stage_022', 'song_054', 11),
('stage_022', 'song_011', 12),
('stage_022', 'song_025', 13),
('stage_022', 'song_028', 14),
('stage_022', 'song_039', 15),
('stage_022', 'song_116', 16),
('stage_022', 'song_030', 17),
('stage_022', 'song_031', 18),
('stage_022', 'song_032', 19),
('stage_022', 'song_033', 20),
('stage_022', 'song_034', 21),
('stage_022', 'song_053', 22),
('stage_022', 'song_044', 23),
('stage_022', 'song_008', 24),
('stage_022', 'song_060', 25),
('stage_022', 'song_016', 26),
('stage_022', 'song_017', 27),
('stage_022', 'song_055', 28),
('stage_022', 'song_007', 29),
('stage_022', 'song_002', 30),
('stage_023', 'song_054', 1),
('stage_023', 'song_011', 2),
('stage_023', 'song_020', 3),
('stage_023', 'song_057', 4),
('stage_023', 'song_060', 5),
('stage_023', 'song_058', 6),
('stage_023', 'song_021', 7),
('stage_023', 'song_010', 8),
('stage_023', 'song_025', 9),
('stage_023', 'song_047', 10),
('stage_023', 'song_046', 11),
('stage_023', 'song_007', 12),
('stage_023', 'song_055', 13),
('stage_024', 'song_054', 1),
('stage_024', 'song_011', 2),
('stage_024', 'song_020', 3),
('stage_024', 'song_057', 4),
('stage_024', 'song_042', 5),
('stage_024', 'song_058', 6),
('stage_024', 'song_021', 7),
('stage_024', 'song_010', 8),
('stage_024', 'song_025', 9),
('stage_024', 'song_047', 10),
('stage_024', 'song_046', 11),
('stage_024', 'song_007', 12),
('stage_024', 'song_055', 13),
('stage_025', 'song_054', 1),
('stage_025', 'song_028', 2),
('stage_025', 'song_041', 3),
('stage_025', 'song_057', 4),
('stage_025', 'song_060', 5),
('stage_025', 'song_021', 6),
('stage_025', 'song_010', 7),
('stage_025', 'song_025', 8),
('stage_025', 'song_039', 9),
('stage_025', 'song_046', 10),
('stage_025', 'song_007', 11),
('stage_025', 'song_049', 12),
('stage_026', 'song_054', 1),
('stage_026', 'song_028', 2),
('stage_026', 'song_041', 3),
('stage_026', 'song_057', 4),
('stage_026', 'song_042', 5),
('stage_026', 'song_021', 6),
('stage_026', 'song_010', 7),
('stage_026', 'song_025', 8),
('stage_026', 'song_039', 9),
('stage_026', 'song_046', 10),
('stage_026', 'song_007', 11),
('stage_026', 'song_049', 12),
('stage_029', 'song_047', 1),
('stage_029', 'song_049', 2),
('stage_029', 'song_016', 3),
('stage_030', 'song_047', 1),
('stage_030', 'song_049', 2),
('stage_030', 'song_048', 3),
('stage_031', 'song_054', 1),
('stage_031', 'song_110', 2),
('stage_031', 'song_056', 3),
('stage_031', 'song_017', 4),
('stage_031', 'song_022', 5),
('stage_033', 'song_054', 1),
('stage_033', 'song_110', 2),
('stage_033', 'song_056', 3),
('stage_033', 'song_049', 4),
('stage_033', 'song_055', 5);
